company_id,type,rule_id,text,confidence_pct
ABB,pro,PRO_01,Consistently high return on equity above 20% demonstrates exceptional capital efficiency.,90
ABB,pro,PRO_02,Strong free cash flow generation over 5 years signals healthy business fundamentals.,90
ABB,pro,PRO_05,Operating profit margin above 25% indicates strong pricing power and cost discipline.,85
ABB,pro,PRO_06,Net profit compounding at above 20% over 5 years creates significant shareholder value.,90
ABB,pro,PRO_07,Very high interest coverage ratio reflects negligible financial stress from debt servicing.,90
ABB,pro,PRO_09,Earnings per share growing above 15% CAGR indicates strong earnings quality and compounding.,88
ABB,pro,PRO_11,Revenue growing slower than profits shows improving operating leverage and scale benefits.,85
ADANIENSOL,pro,PRO_02,Strong free cash flow generation over 5 years signals healthy business fundamentals.,90
ADANIENSOL,pro,PRO_04,Revenue growing at above 15% CAGR over 5 years reflects strong business momentum.,88
ADANIENSOL,pro,PRO_05,Operating profit margin above 25% indicates strong pricing power and cost discipline.,85
ADANIENT,pro,PRO_02,Strong free cash flow generation over 5 years signals healthy business fundamentals.,90
ADANIENT,pro,PRO_04,Revenue growing at above 15% CAGR over 5 years reflects strong business momentum.,88
ADANIENT,pro,PRO_06,Net profit compounding at above 20% over 5 years creates significant shareholder value.,90
ADANIENT,pro,PRO_09,Earnings per share growing above 15% CAGR indicates strong earnings quality and compounding.,88
ADANIENT,pro,PRO_11,Revenue growing slower than profits shows improving operating leverage and scale benefits.,85
ADANIGREEN,pro,PRO_02,Strong free cash flow generation over 5 years signals healthy business fundamentals.,90
ADANIGREEN,pro,PRO_04,Revenue growing at above 15% CAGR over 5 years reflects strong business momentum.,88
ADANIGREEN,pro,PRO_05,Operating profit margin above 25% indicates strong pricing power and cost discipline.,85
ADANIPORTS,pro,PRO_02,Strong free cash flow generation over 5 years signals healthy business fundamentals.,90
ADANIPORTS,pro,PRO_04,Revenue growing at above 15% CAGR over 5 years reflects strong business momentum.,88
ADANIPORTS,pro,PRO_05,Operating profit margin above 25% indicates strong pricing power and cost discipline.,85
ADANIPOWER,pro,PRO_01,Consistently high return on equity above 20% demonstrates exceptional capital efficiency.,90
ADANIPOWER,pro,PRO_02,Strong free cash flow generation over 5 years signals healthy business fundamentals.,90
ADANIPOWER,pro,PRO_04,Revenue growing at above 15% CAGR over 5 years reflects strong business momentum.,88
ADANIPOWER,pro,PRO_05,Operating profit margin above 25% indicates strong pricing power and cost discipline.,85
AMBUJACEM,pro,PRO_02,Strong free cash flow generation over 5 years signals healthy business fundamentals.,90
AMBUJACEM,pro,PRO_07,Very high interest coverage ratio reflects negligible financial stress from debt servicing.,90
AMBUJACEM,pro,PRO_08,Consistent dividend yield above 2% backed by positive free cash flow.,85
AMBUJACEM,pro,PRO_11,Revenue growing slower than profits shows improving operating leverage and scale benefits.,85
APOLLOHOSP,pro,PRO_02,Strong free cash flow generation over 5 years signals healthy business fundamentals.,90
APOLLOHOSP,pro,PRO_06,Net profit compounding at above 20% over 5 years creates significant shareholder value.,90
APOLLOHOSP,pro,PRO_08,Consistent dividend yield above 2% backed by positive free cash flow.,85
APOLLOHOSP,pro,PRO_09,Earnings per share growing above 15% CAGR indicates strong earnings quality and compounding.,88
APOLLOHOSP,pro,PRO_11,Revenue growing slower than profits shows improving operating leverage and scale benefits.,85
ASIANPAINT,pro,PRO_01,Consistently high return on equity above 20% demonstrates exceptional capital efficiency.,90
ASIANPAINT,pro,PRO_02,Strong free cash flow generation over 5 years signals healthy business fundamentals.,90
ASIANPAINT,pro,PRO_06,Net profit compounding at above 20% over 5 years creates significant shareholder value.,90
ASIANPAINT,pro,PRO_07,Very high interest coverage ratio reflects negligible financial stress from debt servicing.,90
ASIANPAINT,pro,PRO_08,Consistent dividend yield above 2% backed by positive free cash flow.,85
ASIANPAINT,pro,PRO_09,Earnings per share growing above 15% CAGR indicates strong earnings quality and compounding.,88
ASIANPAINT,pro,PRO_11,Revenue growing slower than profits shows improving operating leverage and scale benefits.,85
ATGL,pro,PRO_01,Consistently high return on equity above 20% demonstrates exceptional capital efficiency.,90
ATGL,pro,PRO_04,Revenue growing at above 15% CAGR over 5 years reflects strong business momentum.,88
ATGL,pro,PRO_06,Net profit compounding at above 20% over 5 years creates significant shareholder value.,90
ATGL,pro,PRO_07,Very high interest coverage ratio reflects negligible financial stress from debt servicing.,90
ATGL,pro,PRO_09,Earnings per share growing above 15% CAGR indicates strong earnings quality and compounding.,88
ATGL,pro,PRO_11,Revenue growing slower than profits shows improving operating leverage and scale benefits.,85
AXISBANK,pro,PRO_05,Operating profit margin above 25% indicates strong pricing power and cost discipline.,85
AXISBANK,pro,PRO_06,Net profit compounding at above 20% over 5 years creates significant shareholder value.,90
AXISBANK,pro,PRO_09,Earnings per share growing above 15% CAGR indicates strong earnings quality and compounding.,88
AXISBANK,pro,PRO_11,Revenue growing slower than profits shows improving operating leverage and scale benefits.,85
AXISBANK,con,CON_03,Operating margins declining for 3 consecutive years suggest pricing or cost pressure.,85
AXISBANK,con,CON_10,Return on capital employed below 10% suggests the business is not generating sufficient returns on invested capital.,90
BAJAJ-AUTO,pro,PRO_01,Consistently high return on equity above 20% demonstrates exceptional capital efficiency.,90
BAJAJ-AUTO,pro,PRO_02,Strong free cash flow generation over 5 years signals healthy business fundamentals.,90
BAJAJ-AUTO,pro,PRO_07,Very high interest coverage ratio reflects negligible financial stress from debt servicing.,90
BAJAJ-AUTO,pro,PRO_08,Consistent dividend yield above 2% backed by positive free cash flow.,85
BAJAJ-AUTO,pro,PRO_11,Revenue growing slower than profits shows improving operating leverage and scale benefits.,85
BAJAJFINSV,pro,PRO_04,Revenue growing at above 15% CAGR over 5 years reflects strong business momentum.,88
BAJAJFINSV,pro,PRO_05,Operating profit margin above 25% indicates strong pricing power and cost discipline.,85
BAJAJFINSV,pro,PRO_06,Net profit compounding at above 20% over 5 years creates significant shareholder value.,90
BAJAJFINSV,pro,PRO_09,Earnings per share growing above 15% CAGR indicates strong earnings quality and compounding.,88
BAJAJFINSV,pro,PRO_11,Revenue growing slower than profits shows improving operating leverage and scale benefits.,85
BAJAJFINSV,con,CON_02,Free cash flow negative for 3 consecutive years raises concern about cash generation quality.,90
BAJAJHLDNG,pro,PRO_02,Strong free cash flow generation over 5 years signals healthy business fundamentals.,90
BAJAJHLDNG,pro,PRO_04,Revenue growing at above 15% CAGR over 5 years reflects strong business momentum.,88
BAJAJHLDNG,pro,PRO_05,Operating profit margin above 25% indicates strong pricing power and cost discipline.,85
BAJAJHLDNG,pro,PRO_07,Very high interest coverage ratio reflects negligible financial stress from debt servicing.,90
BAJAJHLDNG,pro,PRO_08,Consistent dividend yield above 2% backed by positive free cash flow.,85
BAJAJHLDNG,pro,PRO_09,Earnings per share growing above 15% CAGR indicates strong earnings quality and compounding.,88
BAJAJHLDNG,pro,PRO_12,Growing asset base funded by internal accruals reflects self-sustaining growth.,85
BAJFINANCE,pro,PRO_01,Consistently high return on equity above 20% demonstrates exceptional capital efficiency.,90
BAJFINANCE,pro,PRO_04,Revenue growing at above 15% CAGR over 5 years reflects strong business momentum.,88
BAJFINANCE,pro,PRO_05,Operating profit margin above 25% indicates strong pricing power and cost discipline.,85
BAJFINANCE,pro,PRO_06,Net profit compounding at above 20% over 5 years creates significant shareholder value.,90
BAJFINANCE,pro,PRO_07,Very high interest coverage ratio reflects negligible financial stress from debt servicing.,90
BAJFINANCE,pro,PRO_09,Earnings per share growing above 15% CAGR indicates strong earnings quality and compounding.,88
BAJFINANCE,pro,PRO_11,Revenue growing slower than profits shows improving operating leverage and scale benefits.,85
BAJFINANCE,con,CON_02,Free cash flow negative for 3 consecutive years raises concern about cash generation quality.,90
BANKBARODA,pro,PRO_04,Revenue growing at above 15% CAGR over 5 years reflects strong business momentum.,88
BANKBARODA,pro,PRO_05,Operating profit margin above 25% indicates strong pricing power and cost discipline.,85
BANKBARODA,pro,PRO_06,Net profit compounding at above 20% over 5 years creates significant shareholder value.,90
BANKBARODA,pro,PRO_09,Earnings per share growing above 15% CAGR indicates strong earnings quality and compounding.,88
BANKBARODA,pro,PRO_11,Revenue growing slower than profits shows improving operating leverage and scale benefits.,85
BANKBARODA,con,CON_03,Operating margins declining for 3 consecutive years suggest pricing or cost pressure.,85
BANKBARODA,con,CON_10,Return on capital employed below 10% suggests the business is not generating sufficient returns on invested capital.,90
BEL,pro,PRO_01,Consistently high return on equity above 20% demonstrates exceptional capital efficiency.,90
BEL,pro,PRO_02,Strong free cash flow generation over 5 years signals healthy business fundamentals.,90
BEL,pro,PRO_05,Operating profit margin above 25% indicates strong pricing power and cost discipline.,85
BEL,pro,PRO_07,Very high interest coverage ratio reflects negligible financial stress from debt servicing.,90
BEL,pro,PRO_11,Revenue growing slower than profits shows improving operating leverage and scale benefits.,85
BHARTIARTL,pro,PRO_02,Strong free cash flow generation over 5 years signals healthy business fundamentals.,90
BHARTIARTL,pro,PRO_05,Operating profit margin above 25% indicates strong pricing power and cost discipline.,85
BHARTIARTL,pro,PRO_06,Net profit compounding at above 20% over 5 years creates significant shareholder value.,90
BHARTIARTL,pro,PRO_09,Earnings per share growing above 15% CAGR indicates strong earnings quality and compounding.,88
BHARTIARTL,pro,PRO_11,Revenue growing slower than profits shows improving operating leverage and scale benefits.,85
BOSCHLTD,pro,PRO_02,Strong free cash flow generation over 5 years signals healthy business fundamentals.,90
BOSCHLTD,pro,PRO_07,Very high interest coverage ratio reflects negligible financial stress from debt servicing.,90
BOSCHLTD,pro,PRO_08,Consistent dividend yield above 2% backed by positive free cash flow.,85
BOSCHLTD,pro,PRO_11,Revenue growing slower than profits shows improving operating leverage and scale benefits.,85
BOSCHLTD,pro,PRO_12,Growing asset base funded by internal accruals reflects self-sustaining growth.,85
BOSCHLTD,con,CON_03,Operating margins declining for 3 consecutive years suggest pricing or cost pressure.,85
BPCL,pro,PRO_01,Consistently high return on equity above 20% demonstrates exceptional capital efficiency.,90
BPCL,pro,PRO_02,Strong free cash flow generation over 5 years signals healthy business fundamentals.,90
BPCL,pro,PRO_06,Net profit compounding at above 20% over 5 years creates significant shareholder value.,90
BPCL,pro,PRO_09,Earnings per share growing above 15% CAGR indicates strong earnings quality and compounding.,88
BPCL,pro,PRO_11,Revenue growing slower than profits shows improving operating leverage and scale benefits.,85
BRITANNIA,pro,PRO_01,Consistently high return on equity above 20% demonstrates exceptional capital efficiency.,90
BRITANNIA,pro,PRO_02,Strong free cash flow generation over 5 years signals healthy business fundamentals.,90
BRITANNIA,pro,PRO_07,Very high interest coverage ratio reflects negligible financial stress from debt servicing.,90
BRITANNIA,pro,PRO_11,Revenue growing slower than profits shows improving operating leverage and scale benefits.,85
CANBK,pro,PRO_04,Revenue growing at above 15% CAGR over 5 years reflects strong business momentum.,88
CANBK,pro,PRO_05,Operating profit margin above 25% indicates strong pricing power and cost discipline.,85
CANBK,pro,PRO_06,Net profit compounding at above 20% over 5 years creates significant shareholder value.,90
CANBK,pro,PRO_09,Earnings per share growing above 15% CAGR indicates strong earnings quality and compounding.,88
CANBK,pro,PRO_11,Revenue growing slower than profits shows improving operating leverage and scale benefits.,85
CHOLAFIN,pro,PRO_01,Consistently high return on equity above 20% demonstrates exceptional capital efficiency.,90
CHOLAFIN,pro,PRO_04,Revenue growing at above 15% CAGR over 5 years reflects strong business momentum.,88
CHOLAFIN,pro,PRO_05,Operating profit margin above 25% indicates strong pricing power and cost discipline.,85
CHOLAFIN,pro,PRO_06,Net profit compounding at above 20% over 5 years creates significant shareholder value.,90
CHOLAFIN,pro,PRO_07,Very high interest coverage ratio reflects negligible financial stress from debt servicing.,90
CHOLAFIN,pro,PRO_09,Earnings per share growing above 15% CAGR indicates strong earnings quality and compounding.,88
CHOLAFIN,pro,PRO_11,Revenue growing slower than profits shows improving operating leverage and scale benefits.,85
CHOLAFIN,con,CON_02,Free cash flow negative for 3 consecutive years raises concern about cash generation quality.,90
CIPLA,pro,PRO_02,Strong free cash flow generation over 5 years signals healthy business fundamentals.,90
CIPLA,pro,PRO_05,Operating profit margin above 25% indicates strong pricing power and cost discipline.,85
CIPLA,pro,PRO_06,Net profit compounding at above 20% over 5 years creates significant shareholder value.,90
CIPLA,pro,PRO_07,Very high interest coverage ratio reflects negligible financial stress from debt servicing.,90
CIPLA,pro,PRO_09,Earnings per share growing above 15% CAGR indicates strong earnings quality and compounding.,88
CIPLA,pro,PRO_11,Revenue growing slower than profits shows improving operating leverage and scale benefits.,85
CIPLA,pro,PRO_12,Growing asset base funded by internal accruals reflects self-sustaining growth.,85
COALINDIA,pro,PRO_01,Consistently high return on equity above 20% demonstrates exceptional capital efficiency.,90
COALINDIA,pro,PRO_02,Strong free cash flow generation over 5 years signals healthy business fundamentals.,90
COALINDIA,pro,PRO_05,Operating profit margin above 25% indicates strong pricing power and cost discipline.,85
COALINDIA,pro,PRO_07,Very high interest coverage ratio reflects negligible financial stress from debt servicing.,90
COALINDIA,pro,PRO_08,Consistent dividend yield above 2% backed by positive free cash flow.,85
COALINDIA,pro,PRO_09,Earnings per share growing above 15% CAGR indicates strong earnings quality and compounding.,88
COALINDIA,pro,PRO_11,Revenue growing slower than profits shows improving operating leverage and scale benefits.,85
DABUR,pro,PRO_02,Strong free cash flow generation over 5 years signals healthy business fundamentals.,90
DABUR,pro,PRO_07,Very high interest coverage ratio reflects negligible financial stress from debt servicing.,90
DABUR,pro,PRO_08,Consistent dividend yield above 2% backed by positive free cash flow.,85
DABUR,con,CON_03,Operating margins declining for 3 consecutive years suggest pricing or cost pressure.,85
DABUR,con,CON_08,Rising debt-to-equity ratio over 3 years suggests increasing financial leverage risk.,85
DIVISLAB,pro,PRO_02,Strong free cash flow generation over 5 years signals healthy business fundamentals.,90
DIVISLAB,pro,PRO_05,Operating profit margin above 25% indicates strong pricing power and cost discipline.,85
DIVISLAB,pro,PRO_07,Very high interest coverage ratio reflects negligible financial stress from debt servicing.,90
DLF,pro,PRO_02,Strong free cash flow generation over 5 years signals healthy business fundamentals.,90
DLF,pro,PRO_05,Operating profit margin above 25% indicates strong pricing power and cost discipline.,85
DLF,pro,PRO_08,Consistent dividend yield above 2% backed by positive free cash flow.,85
DLF,pro,PRO_11,Revenue growing slower than profits shows improving operating leverage and scale benefits.,85
DMART,pro,PRO_02,Strong free cash flow generation over 5 years signals healthy business fundamentals.,90
DMART,pro,PRO_04,Revenue growing at above 15% CAGR over 5 years reflects strong business momentum.,88
DMART,pro,PRO_06,Net profit compounding at above 20% over 5 years creates significant shareholder value.,90
DMART,pro,PRO_07,Very high interest coverage ratio reflects negligible financial stress from debt servicing.,90
DMART,pro,PRO_09,Earnings per share growing above 15% CAGR indicates strong earnings quality and compounding.,88
DMART,pro,PRO_11,Revenue growing slower than profits shows improving operating leverage and scale benefits.,85
DMART,con,CON_03,Operating margins declining for 3 consecutive years suggest pricing or cost pressure.,85
DRREDDY,pro,PRO_01,Consistently high return on equity above 20% demonstrates exceptional capital efficiency.,90
DRREDDY,pro,PRO_02,Strong free cash flow generation over 5 years signals healthy business fundamentals.,90
DRREDDY,pro,PRO_05,Operating profit margin above 25% indicates strong pricing power and cost discipline.,85
DRREDDY,pro,PRO_06,Net profit compounding at above 20% over 5 years creates significant shareholder value.,90
DRREDDY,pro,PRO_07,Very high interest coverage ratio reflects negligible financial stress from debt servicing.,90
DRREDDY,pro,PRO_09,Earnings per share growing above 15% CAGR indicates strong earnings quality and compounding.,88
DRREDDY,pro,PRO_11,Revenue growing slower than profits shows improving operating leverage and scale benefits.,85
EICHERMOT,pro,PRO_01,Consistently high return on equity above 20% demonstrates exceptional capital efficiency.,90
EICHERMOT,pro,PRO_02,Strong free cash flow generation over 5 years signals healthy business fundamentals.,90
EICHERMOT,pro,PRO_05,Operating profit margin above 25% indicates strong pricing power and cost discipline.,85
EICHERMOT,pro,PRO_07,Very high interest coverage ratio reflects negligible financial stress from debt servicing.,90
EICHERMOT,pro,PRO_08,Consistent dividend yield above 2% backed by positive free cash flow.,85
EICHERMOT,pro,PRO_11,Revenue growing slower than profits shows improving operating leverage and scale benefits.,85
GAIL,pro,PRO_02,Strong free cash flow generation over 5 years signals healthy business fundamentals.,90
GAIL,pro,PRO_07,Very high interest coverage ratio reflects negligible financial stress from debt servicing.,90
GODREJCP,pro,PRO_02,Strong free cash flow generation over 5 years signals healthy business fundamentals.,90
GODREJCP,pro,PRO_08,Consistent dividend yield above 2% backed by positive free cash flow.,85
GRASIM,pro,PRO_06,Net profit compounding at above 20% over 5 years creates significant shareholder value.,90
GRASIM,pro,PRO_09,Earnings per share growing above 15% CAGR indicates strong earnings quality and compounding.,88
GRASIM,pro,PRO_11,Revenue growing slower than profits shows improving operating leverage and scale benefits.,85
HAL,pro,PRO_01,Consistently high return on equity above 20% demonstrates exceptional capital efficiency.,90
HAL,pro,PRO_02,Strong free cash flow generation over 5 years signals healthy business fundamentals.,90
HAL,pro,PRO_05,Operating profit margin above 25% indicates strong pricing power and cost discipline.,85
HAL,pro,PRO_06,Net profit compounding at above 20% over 5 years creates significant shareholder value.,90
HAL,pro,PRO_07,Very high interest coverage ratio reflects negligible financial stress from debt servicing.,90
HAL,pro,PRO_08,Consistent dividend yield above 2% backed by positive free cash flow.,85
HAL,pro,PRO_09,Earnings per share growing above 15% CAGR indicates strong earnings quality and compounding.,88
HAL,pro,PRO_11,Revenue growing slower than profits shows improving operating leverage and scale benefits.,85
HAVELLS,pro,PRO_02,Strong free cash flow generation over 5 years signals healthy business fundamentals.,90
HAVELLS,pro,PRO_07,Very high interest coverage ratio reflects negligible financial stress from debt servicing.,90
HAVELLS,pro,PRO_08,Consistent dividend yield above 2% backed by positive free cash flow.,85
HAVELLS,con,CON_03,Operating margins declining for 3 consecutive years suggest pricing or cost pressure.,85
HCLTECH,pro,PRO_01,Consistently high return on equity above 20% demonstrates exceptional capital efficiency.,90
HCLTECH,pro,PRO_02,Strong free cash flow generation over 5 years signals healthy business fundamentals.,90
HCLTECH,pro,PRO_07,Very high interest coverage ratio reflects negligible financial stress from debt servicing.,90
HCLTECH,con,CON_03,Operating margins declining for 3 consecutive years suggest pricing or cost pressure.,85
HDFCBANK,pro,PRO_04,Revenue growing at above 15% CAGR over 5 years reflects strong business momentum.,88
HDFCBANK,pro,PRO_05,Operating profit margin above 25% indicates strong pricing power and cost discipline.,85
HDFCBANK,pro,PRO_06,Net profit compounding at above 20% over 5 years creates significant shareholder value.,90
HDFCBANK,pro,PRO_09,Earnings per share growing above 15% CAGR indicates strong earnings quality and compounding.,88
HDFCBANK,pro,PRO_11,Revenue growing slower than profits shows improving operating leverage and scale benefits.,85
HDFCBANK,con,CON_03,Operating margins declining for 3 consecutive years suggest pricing or cost pressure.,85
HDFCBANK,con,CON_06,Interest coverage ratio below 1.5x indicates the company is at risk of not meeting its debt obligations.,95
HDFCBANK,con,CON_10,Return on capital employed below 10% suggests the business is not generating sufficient returns on invested capital.,90
HDFCLIFE,pro,PRO_02,Strong free cash flow generation over 5 years signals healthy business fundamentals.,90
HDFCLIFE,pro,PRO_04,Revenue growing at above 15% CAGR over 5 years reflects strong business momentum.,88
HDFCLIFE,pro,PRO_05,Operating profit margin above 25% indicates strong pricing power and cost discipline.,85
HDFCLIFE,pro,PRO_07,Very high interest coverage ratio reflects negligible financial stress from debt servicing.,90
HDFCLIFE,pro,PRO_08,Consistent dividend yield above 2% backed by positive free cash flow.,85
HEROMOTOCO,pro,PRO_01,Consistently high return on equity above 20% demonstrates exceptional capital efficiency.,90
HEROMOTOCO,pro,PRO_02,Strong free cash flow generation over 5 years signals healthy business fundamentals.,90
HEROMOTOCO,pro,PRO_05,Operating profit margin above 25% indicates strong pricing power and cost discipline.,85
HEROMOTOCO,pro,PRO_07,Very high interest coverage ratio reflects negligible financial stress from debt servicing.,90
HINDALCO,pro,PRO_02,Strong free cash flow generation over 5 years signals healthy business fundamentals.,90
HINDALCO,pro,PRO_05,Operating profit margin above 25% indicates strong pricing power and cost discipline.,85
HINDALCO,pro,PRO_07,Very high interest coverage ratio reflects negligible financial stress from debt servicing.,90
HINDALCO,pro,PRO_11,Revenue growing slower than profits shows improving operating leverage and scale benefits.,85
HINDUNILVR,pro,PRO_01,Consistently high return on equity above 20% demonstrates exceptional capital efficiency.,90
HINDUNILVR,pro,PRO_02,Strong free cash flow generation over 5 years signals healthy business fundamentals.,90
HINDUNILVR,pro,PRO_05,Operating profit margin above 25% indicates strong pricing power and cost discipline.,85
HINDUNILVR,pro,PRO_07,Very high interest coverage ratio reflects negligible financial stress from debt servicing.,90
HINDUNILVR,pro,PRO_08,Consistent dividend yield above 2% backed by positive free cash flow.,85
HINDUNILVR,pro,PRO_11,Revenue growing slower than profits shows improving operating leverage and scale benefits.,85
ICICIBANK,pro,PRO_04,Revenue growing at above 15% CAGR over 5 years reflects strong business momentum.,88
ICICIBANK,pro,PRO_05,Operating profit margin above 25% indicates strong pricing power and cost discipline.,85
ICICIBANK,pro,PRO_06,Net profit compounding at above 20% over 5 years creates significant shareholder value.,90
ICICIBANK,pro,PRO_09,Earnings per share growing above 15% CAGR indicates strong earnings quality and compounding.,88
ICICIBANK,pro,PRO_11,Revenue growing slower than profits shows improving operating leverage and scale benefits.,85
ICICIGI,pro,PRO_02,Strong free cash flow generation over 5 years signals healthy business fundamentals.,90
ICICIGI,pro,PRO_05,Operating profit margin above 25% indicates strong pricing power and cost discipline.,85
ICICIGI,pro,PRO_08,Consistent dividend yield above 2% backed by positive free cash flow.,85
ICICIPRULI,pro,PRO_04,Revenue growing at above 15% CAGR over 5 years reflects strong business momentum.,88
ICICIPRULI,pro,PRO_05,Operating profit margin above 25% indicates strong pricing power and cost discipline.,85
ICICIPRULI,pro,PRO_07,Very high interest coverage ratio reflects negligible financial stress from debt servicing.,90
INDIGO,pro,PRO_04,Revenue growing at above 15% CAGR over 5 years reflects strong business momentum.,88
INDIGO,pro,PRO_05,Operating profit margin above 25% indicates strong pricing power and cost discipline.,85
INDIGO,pro,PRO_06,Net profit compounding at above 20% over 5 years creates significant shareholder value.,90
INDIGO,pro,PRO_07,Very high interest coverage ratio reflects negligible financial stress from debt servicing.,90
INDIGO,pro,PRO_09,Earnings per share growing above 15% CAGR indicates strong earnings quality and compounding.,88
INDIGO,pro,PRO_11,Revenue growing slower than profits shows improving operating leverage and scale benefits.,85
INDUSINDBK,pro,PRO_04,Revenue growing at above 15% CAGR over 5 years reflects strong business momentum.,88
INDUSINDBK,pro,PRO_05,Operating profit margin above 25% indicates strong pricing power and cost discipline.,85
INDUSINDBK,pro,PRO_06,Net profit compounding at above 20% over 5 years creates significant shareholder value.,90
INDUSINDBK,pro,PRO_09,Earnings per share growing above 15% CAGR indicates strong earnings quality and compounding.,88
INDUSINDBK,pro,PRO_11,Revenue growing slower than profits shows improving operating leverage and scale benefits.,85
INFY,pro,PRO_01,Consistently high return on equity above 20% demonstrates exceptional capital efficiency.,90
INFY,pro,PRO_02,Strong free cash flow generation over 5 years signals healthy business fundamentals.,90
INFY,pro,PRO_07,Very high interest coverage ratio reflects negligible financial stress from debt servicing.,90
INFY,pro,PRO_08,Consistent dividend yield above 2% backed by positive free cash flow.,85
INFY,con,CON_03,Operating margins declining for 3 consecutive years suggest pricing or cost pressure.,85
IOC,pro,PRO_01,Consistently high return on equity above 20% demonstrates exceptional capital efficiency.,90
IOC,pro,PRO_02,Strong free cash flow generation over 5 years signals healthy business fundamentals.,90
IOC,pro,PRO_06,Net profit compounding at above 20% over 5 years creates significant shareholder value.,90
IOC,pro,PRO_09,Earnings per share growing above 15% CAGR indicates strong earnings quality and compounding.,88
IOC,pro,PRO_11,Revenue growing slower than profits shows improving operating leverage and scale benefits.,85
IRCTC,pro,PRO_01,Consistently high return on equity above 20% demonstrates exceptional capital efficiency.,90
IRCTC,pro,PRO_02,Strong free cash flow generation over 5 years signals healthy business fundamentals.,90
IRCTC,pro,PRO_04,Revenue growing at above 15% CAGR over 5 years reflects strong business momentum.,88
IRCTC,pro,PRO_05,Operating profit margin above 25% indicates strong pricing power and cost discipline.,85
IRCTC,pro,PRO_06,Net profit compounding at above 20% over 5 years creates significant shareholder value.,90
IRCTC,pro,PRO_07,Very high interest coverage ratio reflects negligible financial stress from debt servicing.,90
IRCTC,pro,PRO_09,Earnings per share growing above 15% CAGR indicates strong earnings quality and compounding.,88
IRCTC,pro,PRO_11,Revenue growing slower than profits shows improving operating leverage and scale benefits.,85
IRCTC,pro,PRO_12,Growing asset base funded by internal accruals reflects self-sustaining growth.,85
IRCTC,con,CON_03,Operating margins declining for 3 consecutive years suggest pricing or cost pressure.,85
IRFC,pro,PRO_04,Revenue growing at above 15% CAGR over 5 years reflects strong business momentum.,88
IRFC,pro,PRO_05,Operating profit margin above 25% indicates strong pricing power and cost discipline.,85
IRFC,pro,PRO_06,Net profit compounding at above 20% over 5 years creates significant shareholder value.,90
IRFC,pro,PRO_09,Earnings per share growing above 15% CAGR indicates strong earnings quality and compounding.,88
IRFC,pro,PRO_11,Revenue growing slower than profits shows improving operating leverage and scale benefits.,85
ITC,pro,PRO_01,Consistently high return on equity above 20% demonstrates exceptional capital efficiency.,90
ITC,pro,PRO_02,Strong free cash flow generation over 5 years signals healthy business fundamentals.,90
ITC,pro,PRO_05,Operating profit margin above 25% indicates strong pricing power and cost discipline.,85
ITC,pro,PRO_07,Very high interest coverage ratio reflects negligible financial stress from debt servicing.,90
ITC,pro,PRO_08,Consistent dividend yield above 2% backed by positive free cash flow.,85
ITC,pro,PRO_11,Revenue growing slower than profits shows improving operating leverage and scale benefits.,85
JINDALSTEL,pro,PRO_02,Strong free cash flow generation over 5 years signals healthy business fundamentals.,90
JIOFIN,pro,PRO_05,Operating profit margin above 25% indicates strong pricing power and cost discipline.,85
JIOFIN,con,CON_03,Operating margins declining for 3 consecutive years suggest pricing or cost pressure.,85
JIOFIN,con,CON_10,Return on capital employed below 10% suggests the business is not generating sufficient returns on invested capital.,90
JSWENERGY,pro,PRO_02,Strong free cash flow generation over 5 years signals healthy business fundamentals.,90
JSWENERGY,pro,PRO_05,Operating profit margin above 25% indicates strong pricing power and cost discipline.,85
JSWENERGY,pro,PRO_06,Net profit compounding at above 20% over 5 years creates significant shareholder value.,90
JSWENERGY,pro,PRO_09,Earnings per share growing above 15% CAGR indicates strong earnings quality and compounding.,88
JSWENERGY,pro,PRO_11,Revenue growing slower than profits shows improving operating leverage and scale benefits.,85
JSWSTEEL,pro,PRO_02,Strong free cash flow generation over 5 years signals healthy business fundamentals.,90
JSWSTEEL,pro,PRO_04,Revenue growing at above 15% CAGR over 5 years reflects strong business momentum.,88
JSWSTEEL,pro,PRO_08,Consistent dividend yield above 2% backed by positive free cash flow.,85
KOTAKBANK,pro,PRO_05,Operating profit margin above 25% indicates strong pricing power and cost discipline.,85
KOTAKBANK,pro,PRO_06,Net profit compounding at above 20% over 5 years creates significant shareholder value.,90
KOTAKBANK,pro,PRO_09,Earnings per share growing above 15% CAGR indicates strong earnings quality and compounding.,88
KOTAKBANK,pro,PRO_11,Revenue growing slower than profits shows improving operating leverage and scale benefits.,85
KOTAKBANK,con,CON_03,Operating margins declining for 3 consecutive years suggest pricing or cost pressure.,85
KOTAKBANK,con,CON_06,Interest coverage ratio below 1.5x indicates the company is at risk of not meeting its debt obligations.,95
KOTAKBANK,con,CON_10,Return on capital employed below 10% suggests the business is not generating sufficient returns on invested capital.,90
LICI,pro,PRO_01,Consistently high return on equity above 20% demonstrates exceptional capital efficiency.,90
LICI,pro,PRO_06,Net profit compounding at above 20% over 5 years creates significant shareholder value.,90
LICI,pro,PRO_11,Revenue growing slower than profits shows improving operating leverage and scale benefits.,85
LICI,con,CON_03,Operating margins declining for 3 consecutive years suggest pricing or cost pressure.,85
LODHA,pro,PRO_02,Strong free cash flow generation over 5 years signals healthy business fundamentals.,90
LODHA,pro,PRO_05,Operating profit margin above 25% indicates strong pricing power and cost discipline.,85
LODHA,pro,PRO_08,Consistent dividend yield above 2% backed by positive free cash flow.,85
LODHA,pro,PRO_11,Revenue growing slower than profits shows improving operating leverage and scale benefits.,85
LT,pro,PRO_02,Strong free cash flow generation over 5 years signals healthy business fundamentals.,90
LT,con,CON_03,Operating margins declining for 3 consecutive years suggest pricing or cost pressure.,85
LT,con,CON_08,Rising debt-to-equity ratio over 3 years suggests increasing financial leverage risk.,85
LTIM,pro,PRO_01,Consistently high return on equity above 20% demonstrates exceptional capital efficiency.,90
LTIM,pro,PRO_02,Strong free cash flow generation over 5 years signals healthy business fundamentals.,90
LTIM,pro,PRO_04,Revenue growing at above 15% CAGR over 5 years reflects strong business momentum.,88
LTIM,pro,PRO_06,Net profit compounding at above 20% over 5 years creates significant shareholder value.,90
LTIM,pro,PRO_07,Very high interest coverage ratio reflects negligible financial stress from debt servicing.,90
LTIM,pro,PRO_08,Consistent dividend yield above 2% backed by positive free cash flow.,85
LTIM,con,CON_03,Operating margins declining for 3 consecutive years suggest pricing or cost pressure.,85
LTIM,con,CON_08,Rising debt-to-equity ratio over 3 years suggests increasing financial leverage risk.,85
M&M,pro,PRO_09,Earnings per share growing above 15% CAGR indicates strong earnings quality and compounding.,88
M&M,pro,PRO_11,Revenue growing slower than profits shows improving operating leverage and scale benefits.,85
MARUTI,pro,PRO_02,Strong free cash flow generation over 5 years signals healthy business fundamentals.,90
MARUTI,pro,PRO_07,Very high interest coverage ratio reflects negligible financial stress from debt servicing.,90
MARUTI,pro,PRO_11,Revenue growing slower than profits shows improving operating leverage and scale benefits.,85
MOTHERSON,pro,PRO_02,Strong free cash flow generation over 5 years signals healthy business fundamentals.,90
MOTHERSON,pro,PRO_08,Consistent dividend yield above 2% backed by positive free cash flow.,85
NAUKRI,pro,PRO_02,Strong free cash flow generation over 5 years signals healthy business fundamentals.,90
NAUKRI,pro,PRO_04,Revenue growing at above 15% CAGR over 5 years reflects strong business momentum.,88
NAUKRI,pro,PRO_05,Operating profit margin above 25% indicates strong pricing power and cost discipline.,85
NAUKRI,pro,PRO_07,Very high interest coverage ratio reflects negligible financial stress from debt servicing.,90
NAUKRI,pro,PRO_08,Consistent dividend yield above 2% backed by positive free cash flow.,85
NESTLEIND,pro,PRO_01,Consistently high return on equity above 20% demonstrates exceptional capital efficiency.,90
NESTLEIND,pro,PRO_02,Strong free cash flow generation over 5 years signals healthy business fundamentals.,90
NESTLEIND,pro,PRO_07,Very high interest coverage ratio reflects negligible financial stress from debt servicing.,90
NESTLEIND,pro,PRO_08,Consistent dividend yield above 2% backed by positive free cash flow.,85
NESTLEIND,pro,PRO_09,Earnings per share growing above 15% CAGR indicates strong earnings quality and compounding.,88
NESTLEIND,pro,PRO_11,Revenue growing slower than profits shows improving operating leverage and scale benefits.,85
NHPC,pro,PRO_02,Strong free cash flow generation over 5 years signals healthy business fundamentals.,90
NHPC,pro,PRO_05,Operating profit margin above 25% indicates strong pricing power and cost discipline.,85
NHPC,pro,PRO_11,Revenue growing slower than profits shows improving operating leverage and scale benefits.,85
NTPC,pro,PRO_02,Strong free cash flow generation over 5 years signals healthy business fundamentals.,90
NTPC,pro,PRO_05,Operating profit margin above 25% indicates strong pricing power and cost discipline.,85
ONGC,pro,PRO_02,Strong free cash flow generation over 5 years signals healthy business fundamentals.,90
ONGC,pro,PRO_11,Revenue growing slower than profits shows improving operating leverage and scale benefits.,85
PFC,pro,PRO_05,Operating profit margin above 25% indicates strong pricing power and cost discipline.,85
PFC,pro,PRO_11,Revenue growing slower than profits shows improving operating leverage and scale benefits.,85
PIDILITIND,pro,PRO_01,Consistently high return on equity above 20% demonstrates exceptional capital efficiency.,90
PIDILITIND,pro,PRO_02,Strong free cash flow generation over 5 years signals healthy business fundamentals.,90
PIDILITIND,pro,PRO_07,Very high interest coverage ratio reflects negligible financial stress from debt servicing.,90
PIDILITIND,pro,PRO_11,Revenue growing slower than profits shows improving operating leverage and scale benefits.,85
PIDILITIND,pro,PRO_12,Growing asset base funded by internal accruals reflects self-sustaining growth.,85
PNB,pro,PRO_04,Revenue growing at above 15% CAGR over 5 years reflects strong business momentum.,88
POWERGRID,pro,PRO_02,Strong free cash flow generation over 5 years signals healthy business fundamentals.,90
POWERGRID,pro,PRO_05,Operating profit margin above 25% indicates strong pricing power and cost discipline.,85
POWERGRID,pro,PRO_08,Consistent dividend yield above 2% backed by positive free cash flow.,85
POWERGRID,pro,PRO_11,Revenue growing slower than profits shows improving operating leverage and scale benefits.,85
POWERGRID,con,CON_03,Operating margins declining for 3 consecutive years suggest pricing or cost pressure.,85
RECLTD,pro,PRO_01,Consistently high return on equity above 20% demonstrates exceptional capital efficiency.,90
RECLTD,pro,PRO_05,Operating profit margin above 25% indicates strong pricing power and cost discipline.,85
RECLTD,pro,PRO_09,Earnings per share growing above 15% CAGR indicates strong earnings quality and compounding.,88
RECLTD,pro,PRO_11,Revenue growing slower than profits shows improving operating leverage and scale benefits.,85
RECLTD,con,CON_02,Free cash flow negative for 3 consecutive years raises concern about cash generation quality.,90
RELIANCE,pro,PRO_02,Strong free cash flow generation over 5 years signals healthy business fundamentals.,90
RELIANCE,pro,PRO_08,Consistent dividend yield above 2% backed by positive free cash flow.,85
RELIANCE,pro,PRO_11,Revenue growing slower than profits shows improving operating leverage and scale benefits.,85
SBILIFE,pro,PRO_02,Strong free cash flow generation over 5 years signals healthy business fundamentals.,90
SBILIFE,pro,PRO_04,Revenue growing at above 15% CAGR over 5 years reflects strong business momentum.,88
SBIN,pro,PRO_06,Net profit compounding at above 20% over 5 years creates significant shareholder value.,90
SBIN,pro,PRO_09,Earnings per share growing above 15% CAGR indicates strong earnings quality and compounding.,88
SBIN,pro,PRO_11,Revenue growing slower than profits shows improving operating leverage and scale benefits.,85
SHREECEM,pro,PRO_02,Strong free cash flow generation over 5 years signals healthy business fundamentals.,90
SHREECEM,pro,PRO_07,Very high interest coverage ratio reflects negligible financial stress from debt servicing.,90
SHREECEM,pro,PRO_08,Consistent dividend yield above 2% backed by positive free cash flow.,85
SHREECEM,pro,PRO_11,Revenue growing slower than profits shows improving operating leverage and scale benefits.,85
SHRIRAMFIN,pro,PRO_04,Revenue growing at above 15% CAGR over 5 years reflects strong business momentum.,88
SHRIRAMFIN,pro,PRO_05,Operating profit margin above 25% indicates strong pricing power and cost discipline.,85
SHRIRAMFIN,pro,PRO_06,Net profit compounding at above 20% over 5 years creates significant shareholder value.,90
SHRIRAMFIN,pro,PRO_11,Revenue growing slower than profits shows improving operating leverage and scale benefits.,85
SHRIRAMFIN,con,CON_02,Free cash flow negative for 3 consecutive years raises concern about cash generation quality.,90
SHRIRAMFIN,con,CON_03,Operating margins declining for 3 consecutive years suggest pricing or cost pressure.,85
SHRIRAMFIN,con,CON_06,Interest coverage ratio below 1.5x indicates the company is at risk of not meeting its debt obligations.,95
SIEMENS,pro,PRO_02,Strong free cash flow generation over 5 years signals healthy business fundamentals.,90
SIEMENS,pro,PRO_07,Very high interest coverage ratio reflects negligible financial stress from debt servicing.,90
SIEMENS,pro,PRO_08,Consistent dividend yield above 2% backed by positive free cash flow.,85
SIEMENS,pro,PRO_09,Earnings per share growing above 15% CAGR indicates strong earnings quality and compounding.,88
SIEMENS,pro,PRO_11,Revenue growing slower than profits shows improving operating leverage and scale benefits.,85
SUNPHARMA,pro,PRO_02,Strong free cash flow generation over 5 years signals healthy business fundamentals.,90
SUNPHARMA,pro,PRO_05,Operating profit margin above 25% indicates strong pricing power and cost discipline.,85
SUNPHARMA,pro,PRO_06,Net profit compounding at above 20% over 5 years creates significant shareholder value.,90
SUNPHARMA,pro,PRO_07,Very high interest coverage ratio reflects negligible financial stress from debt servicing.,90
SUNPHARMA,pro,PRO_08,Consistent dividend yield above 2% backed by positive free cash flow.,85
SUNPHARMA,pro,PRO_09,Earnings per share growing above 15% CAGR indicates strong earnings quality and compounding.,88
SUNPHARMA,pro,PRO_11,Revenue growing slower than profits shows improving operating leverage and scale benefits.,85
SUNPHARMA,pro,PRO_12,Growing asset base funded by internal accruals reflects self-sustaining growth.,85
TATACONSUM,pro,PRO_02,Strong free cash flow generation over 5 years signals healthy business fundamentals.,90
TATACONSUM,pro,PRO_04,Revenue growing at above 15% CAGR over 5 years reflects strong business momentum.,88
TATACONSUM,pro,PRO_06,Net profit compounding at above 20% over 5 years creates significant shareholder value.,90
TATACONSUM,pro,PRO_11,Revenue growing slower than profits shows improving operating leverage and scale benefits.,85
TATAMOTORS,pro,PRO_01,Consistently high return on equity above 20% demonstrates exceptional capital efficiency.,90
TATAMOTORS,pro,PRO_02,Strong free cash flow generation over 5 years signals healthy business fundamentals.,90
TATAMOTORS,pro,PRO_08,Consistent dividend yield above 2% backed by positive free cash flow.,85
TATAMOTORS,pro,PRO_12,Growing asset base funded by internal accruals reflects self-sustaining growth.,85
TATAPOWER,pro,PRO_02,Strong free cash flow generation over 5 years signals healthy business fundamentals.,90
TATAPOWER,pro,PRO_04,Revenue growing at above 15% CAGR over 5 years reflects strong business momentum.,88
TATASTEEL,pro,PRO_02,Strong free cash flow generation over 5 years signals healthy business fundamentals.,90
TCS,pro,PRO_02,Strong free cash flow generation over 5 years signals healthy business fundamentals.,90
TCS,pro,PRO_05,Operating profit margin above 25% indicates strong pricing power and cost discipline.,85
TCS,pro,PRO_07,Very high interest coverage ratio reflects negligible financial stress from debt servicing.,90
TECHM,pro,PRO_02,Strong free cash flow generation over 5 years signals healthy business fundamentals.,90
TECHM,pro,PRO_07,Very high interest coverage ratio reflects negligible financial stress from debt servicing.,90
TITAN,pro,PRO_01,Consistently high return on equity above 20% demonstrates exceptional capital efficiency.,90
TITAN,pro,PRO_04,Revenue growing at above 15% CAGR over 5 years reflects strong business momentum.,88
TITAN,pro,PRO_06,Net profit compounding at above 20% over 5 years creates significant shareholder value.,90
TITAN,pro,PRO_09,Earnings per share growing above 15% CAGR indicates strong earnings quality and compounding.,88
TITAN,con,CON_03,Operating margins declining for 3 consecutive years suggest pricing or cost pressure.,85
TITAN,con,CON_08,Rising debt-to-equity ratio over 3 years suggests increasing financial leverage risk.,85
TORNTPHARM,pro,PRO_01,Consistently high return on equity above 20% demonstrates exceptional capital efficiency.,90
TORNTPHARM,pro,PRO_02,Strong free cash flow generation over 5 years signals healthy business fundamentals.,90
TORNTPHARM,pro,PRO_05,Operating profit margin above 25% indicates strong pricing power and cost discipline.,85
TORNTPHARM,pro,PRO_06,Net profit compounding at above 20% over 5 years creates significant shareholder value.,90
TORNTPHARM,pro,PRO_07,Very high interest coverage ratio reflects negligible financial stress from debt servicing.,90
TORNTPHARM,pro,PRO_09,Earnings per share growing above 15% CAGR indicates strong earnings quality and compounding.,88
TORNTPHARM,pro,PRO_11,Revenue growing slower than profits shows improving operating leverage and scale benefits.,85
TRENT,pro,PRO_01,Consistently high return on equity above 20% demonstrates exceptional capital efficiency.,90
TRENT,pro,PRO_02,Strong free cash flow generation over 5 years signals healthy business fundamentals.,90
TRENT,pro,PRO_04,Revenue growing at above 15% CAGR over 5 years reflects strong business momentum.,88
TRENT,pro,PRO_06,Net profit compounding at above 20% over 5 years creates significant shareholder value.,90
TRENT,pro,PRO_07,Very high interest coverage ratio reflects negligible financial stress from debt servicing.,90
TRENT,pro,PRO_08,Consistent dividend yield above 2% backed by positive free cash flow.,85
TRENT,pro,PRO_09,Earnings per share growing above 15% CAGR indicates strong earnings quality and compounding.,88
TRENT,pro,PRO_11,Revenue growing slower than profits shows improving operating leverage and scale benefits.,85
TVSMOTOR,pro,PRO_09,Earnings per share growing above 15% CAGR indicates strong earnings quality and compounding.,88
TVSMOTOR,pro,PRO_11,Revenue growing slower than profits shows improving operating leverage and scale benefits.,85
TVSMOTOR,con,CON_02,Free cash flow negative for 3 consecutive years raises concern about cash generation quality.,90
ULTRACEMCO,pro,PRO_02,Strong free cash flow generation over 5 years signals healthy business fundamentals.,90
ULTRACEMCO,pro,PRO_06,Net profit compounding at above 20% over 5 years creates significant shareholder value.,90
ULTRACEMCO,pro,PRO_07,Very high interest coverage ratio reflects negligible financial stress from debt servicing.,90
ULTRACEMCO,pro,PRO_09,Earnings per share growing above 15% CAGR indicates strong earnings quality and compounding.,88
ULTRACEMCO,pro,PRO_11,Revenue growing slower than profits shows improving operating leverage and scale benefits.,85
UNIONBANK,pro,PRO_04,Revenue growing at above 15% CAGR over 5 years reflects strong business momentum.,88
UNITDSPR,pro,PRO_02,Strong free cash flow generation over 5 years signals healthy business fundamentals.,90
UNITDSPR,pro,PRO_07,Very high interest coverage ratio reflects negligible financial stress from debt servicing.,90
UNITDSPR,pro,PRO_11,Revenue growing slower than profits shows improving operating leverage and scale benefits.,85
VBL,pro,PRO_02,Strong free cash flow generation over 5 years signals healthy business fundamentals.,90
VBL,pro,PRO_04,Revenue growing at above 15% CAGR over 5 years reflects strong business momentum.,88
VBL,pro,PRO_06,Net profit compounding at above 20% over 5 years creates significant shareholder value.,90
VBL,pro,PRO_07,Very high interest coverage ratio reflects negligible financial stress from debt servicing.,90
VBL,pro,PRO_09,Earnings per share growing above 15% CAGR indicates strong earnings quality and compounding.,88
VBL,pro,PRO_11,Revenue growing slower than profits shows improving operating leverage and scale benefits.,85
VEDL,pro,PRO_02,Strong free cash flow generation over 5 years signals healthy business fundamentals.,90
VEDL,pro,PRO_05,Operating profit margin above 25% indicates strong pricing power and cost discipline.,85
WIPRO,pro,PRO_02,Strong free cash flow generation over 5 years signals healthy business fundamentals.,90
WIPRO,pro,PRO_07,Very high interest coverage ratio reflects negligible financial stress from debt servicing.,90
ZOMATO,pro,PRO_04,Revenue growing at above 15% CAGR over 5 years reflects strong business momentum.,88
ZOMATO,pro,PRO_07,Very high interest coverage ratio reflects negligible financial stress from debt servicing.,90
ZYDUSLIFE,pro,PRO_02,Strong free cash flow generation over 5 years signals healthy business fundamentals.,90
ZYDUSLIFE,pro,PRO_05,Operating profit margin above 25% indicates strong pricing power and cost discipline.,85
ZYDUSLIFE,pro,PRO_07,Very high interest coverage ratio reflects negligible financial stress from debt servicing.,90
ZYDUSLIFE,pro,PRO_09,Earnings per share growing above 15% CAGR indicates strong earnings quality and compounding.,88
ZYDUSLIFE,pro,PRO_11,Revenue growing slower than profits shows improving operating leverage and scale benefits.,85
ZYDUSLIFE,pro,PRO_12,Growing asset base funded by internal accruals reflects self-sustaining growth.,85
ABB,con,CON_DEFAULT,No specific negative financial signal was identified by the available screening rules.,60
ADANIENSOL,con,CON_DEFAULT,No specific negative financial signal was identified by the available screening rules.,60
ADANIENT,con,CON_DEFAULT,No specific negative financial signal was identified by the available screening rules.,60
ADANIGREEN,con,CON_DEFAULT,No specific negative financial signal was identified by the available screening rules.,60
ADANIPORTS,con,CON_DEFAULT,No specific negative financial signal was identified by the available screening rules.,60
ADANIPOWER,con,CON_DEFAULT,No specific negative financial signal was identified by the available screening rules.,60
AMBUJACEM,con,CON_DEFAULT,No specific negative financial signal was identified by the available screening rules.,60
APOLLOHOSP,con,CON_DEFAULT,No specific negative financial signal was identified by the available screening rules.,60
ASIANPAINT,con,CON_DEFAULT,No specific negative financial signal was identified by the available screening rules.,60
ATGL,con,CON_DEFAULT,No specific negative financial signal was identified by the available screening rules.,60
BAJAJ-AUTO,con,CON_DEFAULT,No specific negative financial signal was identified by the available screening rules.,60
BAJAJHLDNG,con,CON_DEFAULT,No specific negative financial signal was identified by the available screening rules.,60
BEL,con,CON_DEFAULT,No specific negative financial signal was identified by the available screening rules.,60
BHARTIARTL,con,CON_DEFAULT,No specific negative financial signal was identified by the available screening rules.,60
BHEL,pro,PRO_DEFAULT,Company has measurable financial metrics available for analysis.,60
BHEL,con,CON_DEFAULT,No specific negative financial signal was identified by the available screening rules.,60
BPCL,con,CON_DEFAULT,No specific negative financial signal was identified by the available screening rules.,60
BRITANNIA,con,CON_DEFAULT,No specific negative financial signal was identified by the available screening rules.,60
CANBK,con,CON_DEFAULT,No specific negative financial signal was identified by the available screening rules.,60
CIPLA,con,CON_DEFAULT,No specific negative financial signal was identified by the available screening rules.,60
COALINDIA,con,CON_DEFAULT,No specific negative financial signal was identified by the available screening rules.,60
DIVISLAB,con,CON_DEFAULT,No specific negative financial signal was identified by the available screening rules.,60
DLF,con,CON_DEFAULT,No specific negative financial signal was identified by the available screening rules.,60
DRREDDY,con,CON_DEFAULT,No specific negative financial signal was identified by the available screening rules.,60
EICHERMOT,con,CON_DEFAULT,No specific negative financial signal was identified by the available screening rules.,60
GAIL,con,CON_DEFAULT,No specific negative financial signal was identified by the available screening rules.,60
GODREJCP,con,CON_DEFAULT,No specific negative financial signal was identified by the available screening rules.,60
GRASIM,con,CON_DEFAULT,No specific negative financial signal was identified by the available screening rules.,60
HAL,con,CON_DEFAULT,No specific negative financial signal was identified by the available screening rules.,60
HDFCLIFE,con,CON_DEFAULT,No specific negative financial signal was identified by the available screening rules.,60
HEROMOTOCO,con,CON_DEFAULT,No specific negative financial signal was identified by the available screening rules.,60
HINDALCO,con,CON_DEFAULT,No specific negative financial signal was identified by the available screening rules.,60
HINDUNILVR,con,CON_DEFAULT,No specific negative financial signal was identified by the available screening rules.,60
ICICIBANK,con,CON_DEFAULT,No specific negative financial signal was identified by the available screening rules.,60
ICICIGI,con,CON_DEFAULT,No specific negative financial signal was identified by the available screening rules.,60
ICICIPRULI,con,CON_DEFAULT,No specific negative financial signal was identified by the available screening rules.,60
INDIGO,con,CON_DEFAULT,No specific negative financial signal was identified by the available screening rules.,60
INDUSINDBK,con,CON_DEFAULT,No specific negative financial signal was identified by the available screening rules.,60
IOC,con,CON_DEFAULT,No specific negative financial signal was identified by the available screening rules.,60
IRFC,con,CON_DEFAULT,No specific negative financial signal was identified by the available screening rules.,60
ITC,con,CON_DEFAULT,No specific negative financial signal was identified by the available screening rules.,60
JINDALSTEL,con,CON_DEFAULT,No specific negative financial signal was identified by the available screening rules.,60
JSWENERGY,con,CON_DEFAULT,No specific negative financial signal was identified by the available screening rules.,60
JSWSTEEL,con,CON_DEFAULT,No specific negative financial signal was identified by the available screening rules.,60
LODHA,con,CON_DEFAULT,No specific negative financial signal was identified by the available screening rules.,60
M&M,con,CON_DEFAULT,No specific negative financial signal was identified by the available screening rules.,60
MARUTI,con,CON_DEFAULT,No specific negative financial signal was identified by the available screening rules.,60
MOTHERSON,con,CON_DEFAULT,No specific negative financial signal was identified by the available screening rules.,60
NAUKRI,con,CON_DEFAULT,No specific negative financial signal was identified by the available screening rules.,60
NESTLEIND,con,CON_DEFAULT,No specific negative financial signal was identified by the available screening rules.,60
NHPC,con,CON_DEFAULT,No specific negative financial signal was identified by the available screening rules.,60
NTPC,con,CON_DEFAULT,No specific negative financial signal was identified by the available screening rules.,60
ONGC,con,CON_DEFAULT,No specific negative financial signal was identified by the available screening rules.,60
PFC,con,CON_DEFAULT,No specific negative financial signal was identified by the available screening rules.,60
PIDILITIND,con,CON_DEFAULT,No specific negative financial signal was identified by the available screening rules.,60
PNB,con,CON_DEFAULT,No specific negative financial signal was identified by the available screening rules.,60
RELIANCE,con,CON_DEFAULT,No specific negative financial signal was identified by the available screening rules.,60
SBILIFE,con,CON_DEFAULT,No specific negative financial signal was identified by the available screening rules.,60
SBIN,con,CON_DEFAULT,No specific negative financial signal was identified by the available screening rules.,60
SHREECEM,con,CON_DEFAULT,No specific negative financial signal was identified by the available screening rules.,60
SIEMENS,con,CON_DEFAULT,No specific negative financial signal was identified by the available screening rules.,60
SUNPHARMA,con,CON_DEFAULT,No specific negative financial signal was identified by the available screening rules.,60
TATACONSUM,con,CON_DEFAULT,No specific negative financial signal was identified by the available screening rules.,60
TATAMOTORS,con,CON_DEFAULT,No specific negative financial signal was identified by the available screening rules.,60
TATAPOWER,con,CON_DEFAULT,No specific negative financial signal was identified by the available screening rules.,60
TATASTEEL,con,CON_DEFAULT,No specific negative financial signal was identified by the available screening rules.,60
TCS,con,CON_DEFAULT,No specific negative financial signal was identified by the available screening rules.,60
TECHM,con,CON_DEFAULT,No specific negative financial signal was identified by the available screening rules.,60
TORNTPHARM,con,CON_DEFAULT,No specific negative financial signal was identified by the available screening rules.,60
TRENT,con,CON_DEFAULT,No specific negative financial signal was identified by the available screening rules.,60
ULTRACEMCO,con,CON_DEFAULT,No specific negative financial signal was identified by the available screening rules.,60
UNIONBANK,con,CON_DEFAULT,No specific negative financial signal was identified by the available screening rules.,60
UNITDSPR,con,CON_DEFAULT,No specific negative financial signal was identified by the available screening rules.,60
VBL,con,CON_DEFAULT,No specific negative financial signal was identified by the available screening rules.,60
VEDL,con,CON_DEFAULT,No specific negative financial signal was identified by the available screening rules.,60
WIPRO,con,CON_DEFAULT,No specific negative financial signal was identified by the available screening rules.,60
ZOMATO,con,CON_DEFAULT,No specific negative financial signal was identified by the available screening rules.,60
ZYDUSLIFE,con,CON_DEFAULT,No specific negative financial signal was identified by the available screening rules.,60
